coding_name,protein_name,variant_type,other_gene,ref,alt,start,end
c.235_237delinsTAT,p.Lys79Tyr,substitution,CFTR,CCG,TAT,235,237
c.93+1G>T,p.Trp24Cys,substitution,MYH7,G,T,93,93
c.79_80delinsTT,p.Trp24Ter,substitution,PCSK9,CC,TT,79,80
c.145_147delinsTGG,p.W24*,substitution,PSEN1,CCG,TGG,145,147
c.5697del,p.Val7del,deletion,PSEN2,A,,5697,5697
c.3921del,p.Trp4del,deletion,PAX6,T,,3921,3921
c.1704+1del,p.(His321_Glu383del),deletion,IL23R,TG,,1704,1705
c.1813del,Asp90del,deletion,TNF,G,,1813,1813
c.4072-1234_5155-246del,p.Lys23_Val25del,deletion,APOE,GGA,,4072,5155
c.(4071+1_4072-1)_(5154+1_5155-1)del,,deletion,GJB2,AAG,,4017,5155
c.3922dup,p.Val7dup,duplication,OTC,TTA,,3922,3926
c.5697dup,p.Trp4dup,duplication,KCNQ1,CCG,,5697,5699
c.20_23dup,,duplication,LMNA,TGCA,,20,23
c.260_264+48dup,p.Lys23_Val25dup,duplication,MYBPC3,AATGC,,260,264
c.3921dup,p.Lys23dup,duplication,SCN5A,GGT,,4921,3923
c.1704+1dup,p.(Pro458_Gly460dup),duplication,ACTC1,AT,,1704,1705
c.1813dup,Val25dup,duplication,PKP2,ATG,,1813,1815
c.169_170insA,p.His4_Gln5insAla,insertion,RYR2,,A,169,170
c.240_241insAGG,p.Lys2_Gly3insGlnSerLys,insertion,GATA4,,AGG,240,241
c.849_850ins858_895,,insertion,DSP,,TGA,849,895
c.419_420ins[T;401_419],p.Arg78_Gly79ins,insertion,JAG1,,T,419,420
c.(222_226)insG,,insertion,TBX5,,G,222,226
c.5657_5660inv,,inversion,TNNI3,GGTA,,5657,5660
c.4145_4160inv,,inversion,KCNH2,GTAAT,,4145,4160
c.4661delinsTC,p.Cys28delinsTrpVal,indel,ANK2,AG,TC,4661,4662
c.6775_6777delinsC,p.Cys28_Lys29delinsTrp,indel,BFN2,AAT,C,6775,6777
c.145_147delinsTGG,,indel,DES,CCG,TGG,145,147
c.9002_9009delinsTTT,p.(Val559_Glu561del),indel,TTN,TGG,TTT,9002,9009
c.850_901delinsTTCCTCGATGCCTG,p.[Ser44Arg;Trp46Arg],delin,NKX2,TACCACGATGAATG,TTCCTCGATGCCTG,850,901
c.171_239GCA[34],p.Ala2[10],repeat,APP,GCA,,171,239
c.6955_6993CAG[26],p.Ala2[10];[11],repeat,TREM2,CAG,,6955,6993
c.89_118AGC[13],p.Gln18[23],repeat,SORL1,AGC,,89,118
